path	sha256	lines	bytes
.github/workflows/build.yml	13075ab8cf7c59fe0cd4dfee9f51211f73225e9e183a2b59333989aab7013ecc	305	12160
CMakeLists.txt	9ca1f6cd80cb89d774d0e00df0e1cadaf1cb1307f3c966026fd60e58070dd6af	229	7661
src/aboutdialog.cpp	b1514f4412c88d0852b09b0ab76f31048d91ae874fecba5f6e9144a6ab25ad0b	222	6390
src/aboutdialog.h	341a7da3ef1f1ddb32dc8f442dfb1baf36cb8ef5c83e3614e2bf717d936b4109	20	603
src/avbparser.cpp	56e7472a0288e334dc99998edc13636d216706315828bbb0e0fdc19ff560519e	1121	31363
src/avbparser.h	d6ae76ae575a4f028f8230ba0e7c7ff192d9bb7b1bc4d4c540249bf5c637f6ff	65	1822
src/avideffects.cpp	86784e93b4ac27ea8953c7c38621ce4f6c001d4beb80cfd3e31df48ffed3d217	168	5046
src/avideffects.h	e1d6d5099db0dc49fc8fd7e3a8c21b2f122c254ff0923542074bbfd9818517ef	41	1798
src/avideffectscatalogue.inc	9892afea9e724f7253a0021cfc1f8c4ade8202f0b6edaf6aef81b2dd5e135f05	889	65098
src/avidprecompute.h	4ff0c7e52fd8cbd1cc0900bc3638283ee6b69d05d72121f425d91c34af3748cd	38	1175
src/avidtext.h	19cd6e2d2a833efa74f07f28efa0c5b2daf69fa79172f785c7736ede8e5e5e62	68	2816
src/avidusage.h	2338ad737d20b8be37c95f52b60c17ce600fa4e55b1a690e1e2ede569c5a234c	109	3760
src/backgroundjob.h	8eaa0cc76d57ff8780d990f3d5dae0f77c54a7cb66549352ad472ce909fd8881	119	4317
src/bentofile.cpp	46270f36bfa96bb8057bd538d8a3919598653aae9eb727e130929a7a7889c50d	830	24183
src/bentofile.h	a8fadec805b1e570be1a7f1ea31f01af104cf691e57001a80dee79a521bc1bd6	114	4972
src/binfilter.h	589d6c256e46a164989d3bf2bd088e9c4749806c605301b00fff57d4ab853e04	61	1495
src/binfilterdialog.cpp	169a54db8aee169ab73ee97812927f008bfd1b1c27a0c05d2cce42a7b39d9fa4	873	27001
src/binfilterdialog.h	06e605a86bed91824643118ed665e3b6ac311f12ce9b71b2bb15891cb1d43a76	168	5236
src/conventions.h	984a2f45563266f696c4473804aa375a9499453b5a820353eb7b89864757092c	291	14982
src/crashcollector.cpp	d14e3c5ca0327e6c94e8e863e635bda3817f0e51502d492f1d99b10663c691f1	45	1245
src/crashcollector.h	83ae058da02ec570206ac98695548d76605e5d9956a72b6fd3a4d11a14427bdc	20	628
src/dragdroputil.h	7969fc86115a4b7bb23766eddf6722deb4a89be77d8b06f6653e5a79e5b7cac3	27	682
src/effectfilterdialog.cpp	4455db442738553da584734f5fb6755caf90b41df9133796827bd85d3e966ec4	278	10265
src/effectfilterdialog.h	e3c29f98baab94f3452b55ceb5e8feb5f976da6a453ddb5d960ccbebdda81c99	50	1478
src/enumutil.h	dd2cbfbbe8db0fa5686fa0c69eeb2f7de83fafbadcc3990d20831b3e0e25c254	16	324
src/fileidentity.cpp	1c86a19d3693e5bdf6b94107c8df8fde50505dd8178f219a038c5793e837cc91	365	13704
src/fileidentity.h	298d631d57e10a786d5fcdd7869f38f82e05af7c1c0f790140291267b3bafe76	189	8677
src/formatutil.h	c3b722d1ad6d744c8c2b0cad75b0085560ccb68fdc9ffd06fd61d2bc2d1000de	42	1135
src/icons.cpp	f0724f404b70a0724048e1e52a478ff9088a2b24cd2c6d1c9e229f44e179c397	43	1421
src/icons.h	373a678c256392a098ab2866e1c9d763685ae77ef766a0772cfbac15bea9eca0	18	462
src/layoututil.h	d8b8dd04e16c705b27932134f583ffdd32cb1e24fe3731789a1dc29ba8f2b494	27	750
src/logcategories.cpp	10d24945716cafcdaec807e6b8ef63cd4c879208be98f78514c572c52103120a	11	582
src/logcategories.h	31dc3c929d5b2f84e902cd1b4e3dad61ef0c3e42febb1c529fd9c38f93879ee9	22	882
src/logfile.cpp	743e4478628852cc53a6237b1b02dca896fcdf833edd72501b12fa4bc4459f7f	190	6188
src/logfile.h	4902167db3b91c60d00021770761c546e573fc62e718150d5a9d0f45c70b6bc2	31	1310
src/macaccessibilityguard.cpp	bcce56e5781c1a8cdcc58a83d3c6ff35363cde9497ddf79bcfac1dd5d3a872ac	57	2057
src/macaccessibilityguard.h	1c4d5187b9051a227d63a8d9d617ea2f45a87da40d075c64f0af7b1ee9c71c37	56	2843
src/main.cpp	7ee16f30edb3c11a0b88f129e5a29b59def959aa8b9b7a6e3b509c3407c09702	50	1346
src/mainwindow.cpp	52cc206ece5924b0e4e8714a3e27663f80bec455232b2c48a89108b9002ce317	2888	99367
src/mainwindow.h	c36a4c7b5a0177511ea150a75c185479086c0bd9898eda101046c320eb1504d4	322	11080
src/managemediadialog.cpp	4bdd437834c07464e72d860be8900aded4da137e844b9e5d9a31d63dfdd45127	722	22969
src/managemediadialog.h	aecd2ac7c3070321c0e6e1a382e812c5c0279485e37f6b050a0e8af467a464d9	156	4776
src/mdbparser.cpp	bc43aa990e8ec41d6f2ec1c6902e8023b2944401a6bf5db890d52b6ec8f9afb1	317	13480
src/mdbparser.h	506c25137312bb67e700d9ddaa9af87ea430e738764a15813cb961c0349174d5	97	4803
src/mediacsv.cpp	d0048601152b865eb4795cab18e84971f25d20a4cebf97bd2525d5b481c547c2	102	3804
src/mediacsv.h	aefa3b9d55fa4ab225cd97a6d2440e498a90e94e4614986ea64abd7f455ee9ce	40	1640
src/mediafile.h	84fefe21c137e66e709c002189d3e26165802164fcfd0a094024f6c2066bf358	488	19023
src/mediafilterproxy.cpp	65d65d6a2723d692f309b0bb06dbe1d29e1d2b436f4f2460b290a7e59a87b7f8	419	13684
src/mediafilterproxy.h	032636788e41e2ea8b396c7ba3e032ead7be6fc9a9fbba630b2027cda4260970	106	3953
src/mediascanner.cpp	076b29a2b8b3ef76263474dc9fc9e64da5dcbc4d52b4a36d8b89f4c92ebc5846	1508	53536
src/mediascanner.h	97c4b6a76917080ffb285ae6d3e885b51177479e34236ae423349a932d07204f	285	11484
src/mediatablemodel.cpp	c6706147804fe3a1915de9cc7abd392d0265db4fa033f180ec4ac55fe4a7363c	343	10509
src/mediatablemodel.h	76bdec579acfbda000042c3dadab874802c65c33d5ab3bd7d99ddc90cc1647f5	97	2520
src/mobid.h	3dc4aa91aeae277bef3098c75a4b43934aec45fcbbfab6a686ebb2195dc7736d	112	3798
src/mxfparser.cpp	3b07b0061fd3641c3ac949b641ee0a49684a8c108438f37c6447dd8fd422df25	1907	73072
src/mxfparser.h	dbb45daec48ce69804f6de329d87bd98a8482f605327894d6bc806198e523168	194	9831
src/mxfproperties.h	3ce1a810b7a67464d2c0114a7c9ca225d2299c5c8a67547a2765eadbb008e6c2	93	6076
src/nativefile.cpp	c60be91c6433e536ca11e772496c717952aab419729ebe9df5429ab6aa805dcb	236	8500
src/nativefile.h	609c1ab79b94520997365f992b739975d38ad2ae5506df1b518f9c4a216ca9b3	154	6860
src/omfobjects.cpp	84bf6e92e139ae242ea5d308ca78fcf782866159866662ecf4938d034253d261	861	33802
src/omfobjects.h	4d99807bdd959383512c4edacd99525bd1807af7db993967d3b3004ef6a920be	253	12337
src/omfparser.cpp	e9af0ae456bafab14dc6e2e0f6139316d48ad873670c3e0214565f0981546f3f	319	11922
src/omfparser.h	266f6a10388f7fcb93868500a5de09b70bb9b1b7f50b12c82a35b5defa8a5803	76	3556
src/omfresolutions.cpp	442a1d502a250054541ff3c4656930759fb859efb638b7342f74ed81849e77ea	139	5851
src/omfresolutions.h	97cf9b86d4cb0f4c5e999c356798d260bd8b01030a123e3519136c368ba3c6be	36	1990
src/omfuid.h	7746b2e7eebf4e48b299e9c09e2ab9acc8ee958bc51627b9e40c97623c7535ce	129	5735
src/opcopier.cpp	626190410fbd73e19a262726b709f0f1a1438770265d76140304b21d47e801eb	545	17711
src/opcopier.h	d7dee02140b0c440adf7a9ea974b167459371a94a508dd5b0e4e57e3dc4091f5	149	6277
src/opjournal.cpp	9f88798d6c485f18a62ee57560671ad18c9e43212da8ba9a6a9e017e6dc6cf1d	597	21098
src/opjournal.h	5a8646286e83b76d29c62d6594bacffb7df703892e38910b97121fb547fe4cf7	374	16220
src/opmanager.cpp	ecd557d65c1588e7f4dfdd953b0f878215c68ca74cd450e650ff27700425fbfd	106	2915
src/opmanager.h	08d7b7c7a77b2295107c195fde9a2bc5b9d6651f8ed7713bc7634dae39c7f90b	128	5447
src/oprequest.h	a023f2399096457f5b247af1b1fde1dbd43d7f78e840a9da2231aa761897bddf	172	5810
src/oprescue.cpp	e4690072c17c4a949c3ebe86e7f289c6aee4cb52db8ef963810fd2e19f4baa37	977	34164
src/oprescue.h	1bc6832fe5e32a7a039d5496c15d6a5383632c4ba86fcdef24135825ac8999ac	147	6279
src/oprunner.cpp	3efa7b3aa94eb45e796ac6c79a59b00f8e8650661112c99177b4df3bca4f9d79	1104	41174
src/oprunner.h	07710b6cdcb49c4416fbebbe28b15673a6c5c2974fa22a438a4c620391366f62	177	7539
src/opundo.cpp	0f61e146aae3a6c3ddd97622a60891f9c6d9e6f0f8d7a995e95f0f058d3466e5	647	21219
src/opundo.h	70fc8527ab159336df7b43244bc440425741d4201d1f037a0bd09414dcedd7d4	102	4673
src/opverify.h	d33df29f0236036a54f1271d27ba8ebfe16fde87105e1cec8916e0304bbcf01d	23	370
src/parkedfile.h	9c462032d4d6590741b755e7d23e46d8dbe597f5435b0afb8a692c9583dc2de1	218	8996
src/pathkey.h	4f6fa406934fc5600ae094450cd9d67d9e62f541daa8396ff89a296e777e8948	96	3822
src/pmrkey.h	a7c1368514542e3b433e7ca78e20916a4423a301d85d0b9c93fb63457f51cac7	20	634
src/pmrparser.cpp	0feb2057bad6f990484d73eb2862810e0f9f3a67cd29f033c718d0d2e35a534e	295	9760
src/pmrparser.h	70a04dc90e87c526318f97a2289b40b51f5fd5abc74e1b256b622444b093489b	94	4963
src/precomputefilter.h	2303ece77ad98b02048978d8aa7e3c590e336e6519f6615f331abfef993d8f0d	54	1649
src/progressdialog.cpp	5789294a0e2e80e963c45619d503c62a3342b50f2995ac19fd92283616670f20	171	4853
src/progressdialog.h	8728c959879569bff045ffdfb952ef94f50ce86f923216c7e310ddebbd8033b6	75	2627
src/progressthrottle.h	f2427f94e18c42029127f546d2a2a8352cbc194a8bfbec06377f9f46696ab780	41	1165
src/rebalancedialog.cpp	08a32c58b8b1c7cda10d3a9c1a0e2308b2d30f78ef06a0b85133a51db0b14fb4	1065	31872
src/rebalancedialog.h	7478afcc8015a7c945866751213a6b87c951b228b753a399633bf5631f3fb25f	194	6613
src/rebalanceplan.h	de2f09d3c597f42972a2a21e87d026a022adbe9d83521ce68913d777dff92f7e	112	3601
src/rebalancer.cpp	a7dc8523a9f3b86f16a2793c57edcef70e15aeb9bfce9207179728627f76513a	643	20609
src/rebalancer.h	68372d749c73550d171e6561137f3896b54f909dfd0f942389c26a95f1e32d01	122	4486
src/resources.qrc	0ab30e6cf4243e6003317a5a2ac710ef05195fdc38b09af5b79cb3193285cd08	5	97
src/revealinfinder.cpp	8bfcfb8789098519a6d695870d6d374479c1b00db8e7902ec2fce61544f55204	167	5558
src/revealinfinder.h	632f30fb872ec70dd450cb10b8304367c84f9ec45d9a15630211639c08c3060a	23	751
src/testpause.h	4b01faa74fa118cc8db2abab40e63eafb3313f15fdadb864ccade4041ce0a3bf	69	2405
src/third_party/xxhash.c	562800c4b2a2a27c0c7935c8ff49bcbb133c3a4ac60e1b99e7a474ae8ffb6f26	42	1854
src/third_party/xxhash.h	d92752bc296f4adeb7d46dadad8978862f6bd5e194c79b33852b757351d8eea2	7238	268318
src/trashrouter.cpp	fea1015e13aca3c8f41929711d27194e7115571215cbbcc30caaf260c039a212	184	5892
src/trashrouter.h	697dc1ae3a3406a40acc55b65f6afb70cbf3cc432423117c19e5e58bf1b64334	53	1630
src/version.h.in	5fb58f50f941859ea9eafdba6c6cf9701f5177b9167046871370840eeb1531c1	4	87
src/volumelistwidget.cpp	2aa7151d0b101376e16e23333856cbf3fb7eabb24f0bd8abfd2b2691fc04e743	88	1846
src/volumelistwidget.h	77480d504f145c2c16ef236edc85647305d0a199dfb32fe865296819c47917e0	32	808
src/volumemanager.cpp	70a546d1ba1c8a2b15c8d62c443e2a570898cb1332ec21361c3f74c6606497a3	354	11284
src/volumemanager.h	62667ce35c30f11d642d4d403c6cd510578176c1e13f87a04caf0d61cef59f2f	102	3423
tests/CMakeLists.txt	f1c9f830e0704b8507468d942b437c03d4b6a0da5919aef689bc3d4fe3ff0c86	299	11683
tests/testavb.h	e5fd14f56a3826ff5f696e2409f56d23fd2204bf61edbd38bacab2b96cc23cc5	374	8339
tests/testbento.h	8bc664e08963dba8171a1fdbf317bf2dee82247da996f448d4b4924435395ced	155	4848
tests/testbento2.h	fa6d8603e6ba35f14c7f17439dbb0e011045dde1c7f87ca116a09fe7164ff0cc	113	2883
tests/testomf.h	b67f41699d62e8c776fdb70a0982e1f7717855db117f6344c189d8ddc790a1d6	153	6293
tests/testutil.h	afd2a8376d0cee500185e96443e2420688024b35fdbe7b83ee32a082b1f292f1	67	2146
tests/tst_avbmetadata.cpp	9f03e8c113e2b30b0932bc14a9820e1dcaac299aba4a6bf5bb903e6505bbfe78	177	6016
tests/tst_avbparser.cpp	7e1cc2e4d13fc5409c17c7f6840f0a25859e88ed04bc16dd30b58184308c8dda	537	20015
tests/tst_avideffects.cpp	058d6bd35d1667fd619afd31158fdcb4170f8c0ed48471e80ec01555d4991981	289	11763
tests/tst_bentofile.cpp	d3fd6c47a848235b3a7f35cb441cf29817aedba2e98cd644206796bd8259585c	715	29373
tests/tst_binfilterdialog.cpp	e9c65378733e4e6ae5825ea1b94032d1caaf07aeacf2fff20efa9995f3c8f1b8	676	26155
tests/tst_conventions.cpp	cf56cb3804138ee4cd4ffd98fbb9bffb5f53cce56224b282c45d2ee5feb22033	276	13164
tests/tst_crashcollector.cpp	09b65dc817951903a4cbdad3c3f4a8e0a19740fc789758e6da774fedd42c3452	96	2733
tests/tst_effectfilterdialog.cpp	c76fd09202ef2ac7f5e5191d5a1ce40e574732f88acf28f8a65de7c6f1e9a18c	292	13799
tests/tst_fileidentity.cpp	7b6d96ace03566d1ff635c1a7763b14d608d14c90c72a9baa9e6147e76bbd833	464	16191
tests/tst_format.cpp	8e7c77cd9c83feb75ecd9c7509b1339fcaea94b1feb2c583708d85f40085e311	52	1285
tests/tst_logfile.cpp	4e3c08834dee0595595943829cfbee55bcabc5504e89e2cdd6f0922d4b5e5821	42	1292
tests/tst_mdbparser.cpp	b083ec1dab9cf9c219640ed29c8d3ab1f633e04511855f05dd03f4b9d63ec11f	1650	69250
tests/tst_mediacsv.cpp	e22fa8b4b41f5da63323e6557c4616222640cd51f3c8ce41822b12167fe339c2	281	10930
tests/tst_mediafilterproxy.cpp	3bafe0cf53319e9f8d34ca5c8d4bce040be05f1915cf4d142df8513e90d66f89	726	30468
tests/tst_mediatablemodel.cpp	42651ddce8aff50f9deb64d0b578e86c90c683bdeb0c7a95d3c3caf2bc896ba5	453	17459
tests/tst_mobid.cpp	8004a6ea44da1f2173609153cbe7374304971522b00c2ffc7e3b6221dddb5fb2	123	2841
tests/tst_mxfparser.cpp	0c91bc7537b60c06c0447b203a224f62413409ac101f1f01e70538ddea49458d	1782	79670
tests/tst_omfparser.cpp	a566002a5629fa118efb1411ea0e7579fa66e1bfeef866c4432a401523cf4b9a	756	31821
tests/tst_omfuid.cpp	2c02f4526ff1163a8c664d6ada07485be55a487a01fc519e6347936695f9c2e7	193	8393
tests/tst_opjournal.cpp	e1ceaa8f13d651ab989dd76ff24b97d52a740c5dde2f45fbe0d5c43190dee734	826	26831
tests/tst_opmanager.cpp	3741bdfe63f3d0e0e13fddb54495dcef8eac2c3c0412d6b69f0e68810bdf7a03	524	20156
tests/tst_oprequest.cpp	503ec6d7b5723405e98b7e10c96fedb1f3e7f42514b43a521bfd6bb6de5dcfe4	68	2388
tests/tst_oprescue.cpp	615abe2c6d2600a52b4cbcf8cfe0b8f68c58bf05489cff9723359017081d930d	1112	40816
tests/tst_oprunner.cpp	068eb34c70f8da846668cb6255724d3708e14bd8557dfb1431cdd9c7b7c37052	1277	44570
tests/tst_opundo.cpp	ab8b87829317a44667ba316e5e22178cf80843dedee60dc463c53362467c3a03	397	11721
tests/tst_pathkey.cpp	1ebc1e3ff4bf017d4196cab7e27f87b8e049492d8e804b68035c6d1fd96e5dc7	197	7298
tests/tst_pmrkey.cpp	fa9a030be810354846902f6972224673646b21ff154c8a1b44de6ba2cd618860	34	897
tests/tst_pmrparser.cpp	e4c452cdb2793237ed5fb79abbb981fa7e4033ecff37bbe8e82a49bd37dfe4d7	1055	41937
tests/tst_rebalancer_parse.cpp	b47db9288a648e5ecbcc6730b8604caaaa3ab6f76bbdce87d342705843cc9049	73	2286
tests/tst_rebalancer_plan.cpp	b341a78c6646abac1b881a722a8ce7d5cfe6ecf53df9f741ce20785a958d6faa	684	24053
tests/tst_scanner.cpp	6f43daf25a0c27c0dae778b2a9239960e911cb41bc39694ab0e5976ded9d2834	2115	91009
tools/avid_effects/builtin_arm64.py	0211ec017dc1ae51778e60bb599d6db59a72c52b34a393843e92984a238e4520	96	4739
tools/avid_effects/extract.py	24a94b52e9bf43e44c3f6ffb7d78363c1b41e2dfefcdecb1d73ad2c414cfe2eb	187	9898
tools/avid_effects/mceffects_arm64.py	43f84681c8b96d737844504b5fda4567253f1599b15b6af9ef78ac210030656d	66	3216
